Question,Answer,Difficulty,Topic,ImageKey
Which country is this?,Afghanistan,Easy,Guess the Flag,flags/af
Which country is this?,Albania,Easy,Guess the Flag,flags/al
Which country is this?,Algeria,Easy,Guess the Flag,flags/dz
Which country is this?,Argentina,Easy,Guess the Flag,flags/ar
Which country is this?,Australia,Easy,Guess the Flag,flags/au
Which country is this?,Austria,Easy,Guess the Flag,flags/at
Which country is this?,Bangladesh,Easy,Guess the Flag,flags/bd
Which country is this?,Belgium,Easy,Guess the Flag,flags/be
Which country is this?,Bhutan,Easy,Guess the Flag,flags/bt
Which country is this?,Brazil,Easy,Guess the Flag,flags/br
Which country is this?,Bulgaria,Easy,Guess the Flag,flags/bg
Which country is this?,Canada,Easy,Guess the Flag,flags/ca
Which country is this?,Chile,Easy,Guess the Flag,flags/cl
Which country is this?,China,Easy,Guess the Flag,flags/cn
Which country is this?,Colombia,Easy,Guess the Flag,flags/co
Which country is this?,Cuba,Easy,Guess the Flag,flags/cu
Which country is this?,Cyprus,Easy,Guess the Flag,flags/cy
Which country is this?,Denmark,Easy,Guess the Flag,flags/dk
Which country is this?,Egypt,Easy,Guess the Flag,flags/eg
Which country is this?,Finland,Easy,Guess the Flag,flags/fi
Which country is this?,France,Easy,Guess the Flag,flags/fr
Which country is this?,Germany,Easy,Guess the Flag,flags/de
Which country is this?,Greece,Easy,Guess the Flag,flags/gr
Which country is this?,Hungary,Easy,Guess the Flag,flags/hu
Which country is this?,Iceland,Easy,Guess the Flag,flags/is
Which country is this?,India,Easy,Guess the Flag,flags/in
Which country is this?,Indonesia,Easy,Guess the Flag,flags/id
Which country is this?,Iran,Easy,Guess the Flag,flags/ir
Which country is this?,Iraq,Easy,Guess the Flag,flags/iq
Which country is this?,Ireland,Easy,Guess the Flag,flags/ie
Which country is this?,Italy,Easy,Guess the Flag,flags/it
Which country is this?,Jamaica,Easy,Guess the Flag,flags/jm
Which country is this?,Japan,Easy,Guess the Flag,flags/jp
Which country is this?,Kenya,Easy,Guess the Flag,flags/ke
Which country is this?,Lebanon,Easy,Guess the Flag,flags/lb
Which country is this?,Libya,Easy,Guess the Flag,flags/ly
Which country is this?,Malaysia,Easy,Guess the Flag,flags/my
Which country is this?,Mexico,Easy,Guess the Flag,flags/mx
Which country is this?,Morocco,Easy,Guess the Flag,flags/ma
Which country is this?,Nepal,Easy,Guess the Flag,flags/np
Which country is this?,Netherlands,Easy,Guess the Flag,flags/nl
Which country is this?,New Zealand,Easy,Guess the Flag,flags/nz
Which country is this?,Nigeria,Easy,Guess the Flag,flags/ng
Which country is this?,North Korea,Easy,Guess the Flag,flags/kp
Which country is this?,Norway,Easy,Guess the Flag,flags/no
Which country is this?,Pakistan,Easy,Guess the Flag,flags/pk
Which country is this?,Palestine,Easy,Guess the Flag,flags/ps
Which country is this?,Panama,Easy,Guess the Flag,flags/pa
Which country is this?,Peru,Easy,Guess the Flag,flags/pe
Which country is this?,Philippines,Easy,Guess the Flag,flags/ph
Which country is this?,Poland,Easy,Guess the Flag,flags/pl
Which country is this?,Portugal,Easy,Guess the Flag,flags/pt
Which country is this?,Qatar,Easy,Guess the Flag,flags/qa
Which country is this?,Russia,Easy,Guess the Flag,flags/ru
Which country is this?,Saudi Arabia,Easy,Guess the Flag,flags/sa
Which country is this?,Singapore,Easy,Guess the Flag,flags/sg
Which country is this?,South Africa,Easy,Guess the Flag,flags/za
Which country is this?,South Korea,Easy,Guess the Flag,flags/kr
Which country is this?,Spain,Easy,Guess the Flag,flags/es
Which country is this?,Sri Lanka,Easy,Guess the Flag,flags/lk
Which country is this?,Sweden,Easy,Guess the Flag,flags/se
Which country is this?,Switzerland,Easy,Guess the Flag,flags/ch
Which country is this?,Türkiye,Easy,Guess the Flag,flags/tr
Which country is this?,Ukraine,Easy,Guess the Flag,flags/ua
Which country is this?,United Kingdom,Easy,Guess the Flag,flags/gb
Which country is this?,United States,Easy,Guess the Flag,flags/us
Which country is this?,Uruguay,Easy,Guess the Flag,flags/uy
Which country is this?,Vietnam,Easy,Guess the Flag,flags/vn
Which country is this?,Andorra,Medium,Guess the Flag,flags/ad
Which country is this?,Angola,Medium,Guess the Flag,flags/ao
Which country is this?,Armenia,Medium,Guess the Flag,flags/am
Which country is this?,Azerbaijan,Medium,Guess the Flag,flags/az
Which country is this?,Bahrain,Medium,Guess the Flag,flags/bh
Which country is this?,Barbados,Medium,Guess the Flag,flags/bb
Which country is this?,Belarus,Medium,Guess the Flag,flags/by
Which country is this?,Bosnia and Herzegovina,Medium,Guess the Flag,flags/ba
Which country is this?,Botswana,Medium,Guess the Flag,flags/bw
Which country is this?,Brunei,Medium,Guess the Flag,flags/bn
Which country is this?,Cameroon,Medium,Guess the Flag,flags/cm
Which country is this?,Chad,Medium,Guess the Flag,flags/td
Which country is this?,Costa Rica,Medium,Guess the Flag,flags/cr
Which country is this?,Côte d’Ivoire,Medium,Guess the Flag,flags/ci
Which country is this?,Croatia,Medium,Guess the Flag,flags/hr
Which country is this?,Czechia,Medium,Guess the Flag,flags/cz
Which country is this?,Democratic Republic of the Congo,Medium,Guess the Flag,flags/cd
Which country is this?,Dominican Republic,Medium,Guess the Flag,flags/do
Which country is this?,Ecuador,Medium,Guess the Flag,flags/ec
Which country is this?,El Salvador,Medium,Guess the Flag,flags/sv
Which country is this?,Estonia,Medium,Guess the Flag,flags/ee
Which country is this?,Ethiopia,Medium,Guess the Flag,flags/et
Which country is this?,Georgia,Medium,Guess the Flag,flags/ge
Which country is this?,Ghana,Medium,Guess the Flag,flags/gh
Which country is this?,Guatemala,Medium,Guess the Flag,flags/gt
Which country is this?,Honduras,Medium,Guess the Flag,flags/hn
Which country is this?,Jordan,Medium,Guess the Flag,flags/jo
Which country is this?,Kazakhstan,Medium,Guess the Flag,flags/kz
Which country is this?,Kosovo,Medium,Guess the Flag,flags/xk
Which country is this?,Kuwait,Medium,Guess the Flag,flags/kw
Which country is this?,Kyrgyzstan,Medium,Guess the Flag,flags/kg
Which country is this?,Latvia,Medium,Guess the Flag,flags/lv
Which country is this?,Liberia,Medium,Guess the Flag,flags/lr
Which country is this?,Lithuania,Medium,Guess the Flag,flags/lt
Which country is this?,Luxembourg,Medium,Guess the Flag,flags/lu
Which country is this?,Madagascar,Medium,Guess the Flag,flags/mg
Which country is this?,Mali,Medium,Guess the Flag,flags/ml
Which country is this?,Malta,Medium,Guess the Flag,flags/mt
Which country is this?,Mauritania,Medium,Guess the Flag,flags/mr
Which country is this?,Monaco,Medium,Guess the Flag,flags/mc
Which country is this?,Mongolia,Medium,Guess the Flag,flags/mn
Which country is this?,Montenegro,Medium,Guess the Flag,flags/me
Which country is this?,Mozambique,Medium,Guess the Flag,flags/mz
Which country is this?,Myanmar,Medium,Guess the Flag,flags/mm
Which country is this?,Nicaragua,Medium,Guess the Flag,flags/ni
Which country is this?,Niger,Medium,Guess the Flag,flags/ne
Which country is this?,North Macedonia,Medium,Guess the Flag,flags/mk
Which country is this?,Paraguay,Medium,Guess the Flag,flags/py
Which country is this?,Romania,Medium,Guess the Flag,flags/ro
Which country is this?,Rwanda,Medium,Guess the Flag,flags/rw
Which country is this?,Senegal,Medium,Guess the Flag,flags/sn
Which country is this?,Seychelles,Medium,Guess the Flag,flags/sc
Which country is this?,Slovakia,Medium,Guess the Flag,flags/sk
Which country is this?,Slovenia,Medium,Guess the Flag,flags/si
Which country is this?,Somalia,Medium,Guess the Flag,flags/so
Which country is this?,South Sudan,Medium,Guess the Flag,flags/ss
Which country is this?,Sudan,Medium,Guess the Flag,flags/sd
Which country is this?,Syria,Medium,Guess the Flag,flags/sy
Which country is this?,Taiwan,Medium,Guess the Flag,flags/tw
Which country is this?,Thailand,Medium,Guess the Flag,flags/th
Which country is this?,Tunisia,Medium,Guess the Flag,flags/tn
Which country is this?,Uganda,Medium,Guess the Flag,flags/ug
Which country is this?,Uzbekistan,Medium,Guess the Flag,flags/uz
Which country is this?,Vatican City,Medium,Guess the Flag,flags/va
Which country is this?,Venezuela,Medium,Guess the Flag,flags/ve
Which country is this?,Yemen,Medium,Guess the Flag,flags/ye
Which country is this?,Zimbabwe,Medium,Guess the Flag,flags/zw
Which country is this?,Antigua and Barbuda,Hard,Guess the Flag,flags/ag
Which country is this?,Bahamas,Hard,Guess the Flag,flags/bs
Which country is this?,Belize,Hard,Guess the Flag,flags/bz
Which country is this?,Benin,Hard,Guess the Flag,flags/bj
Which country is this?,Bolivia,Hard,Guess the Flag,flags/bo
Which country is this?,Burkina Faso,Hard,Guess the Flag,flags/bf
Which country is this?,Burundi,Hard,Guess the Flag,flags/bi
Which country is this?,Cabo Verde,Hard,Guess the Flag,flags/cv
Which country is this?,Cambodia,Hard,Guess the Flag,flags/kh
Which country is this?,Central African Republic,Hard,Guess the Flag,flags/cf
Which country is this?,Comoros,Hard,Guess the Flag,flags/km
Which country is this?,Djibouti,Hard,Guess the Flag,flags/dj
Which country is this?,Dominica,Hard,Guess the Flag,flags/dm
Which country is this?,Equatorial Guinea,Hard,Guess the Flag,flags/gq
Which country is this?,Eritrea,Hard,Guess the Flag,flags/er
Which country is this?,Eswatini,Hard,Guess the Flag,flags/sz
Which country is this?,Fiji,Hard,Guess the Flag,flags/fj
Which country is this?,Gabon,Hard,Guess the Flag,flags/ga
Which country is this?,Gambia,Hard,Guess the Flag,flags/gm
Which country is this?,Grenada,Hard,Guess the Flag,flags/gd
Which country is this?,Guinea,Hard,Guess the Flag,flags/gn
Which country is this?,Guinea-Bissau,Hard,Guess the Flag,flags/gw
Which country is this?,Guyana,Hard,Guess the Flag,flags/gy
Which country is this?,Haiti,Hard,Guess the Flag,flags/ht
Which country is this?,Kiribati,Hard,Guess the Flag,flags/ki
Which country is this?,Laos,Hard,Guess the Flag,flags/la
Which country is this?,Lesotho,Hard,Guess the Flag,flags/ls
Which country is this?,Liechtenstein,Hard,Guess the Flag,flags/li
Which country is this?,Malawi,Hard,Guess the Flag,flags/mw
Which country is this?,Maldives,Hard,Guess the Flag,flags/mv
Which country is this?,Marshall Islands,Hard,Guess the Flag,flags/mh
Which country is this?,Mauritius,Hard,Guess the Flag,flags/mu
Which country is this?,Micronesia,Hard,Guess the Flag,flags/fm
Which country is this?,Moldova,Hard,Guess the Flag,flags/md
Which country is this?,Namibia,Hard,Guess the Flag,flags/na
Which country is this?,Nauru,Hard,Guess the Flag,flags/nr
Which country is this?,Oman,Hard,Guess the Flag,flags/om
Which country is this?,Palau,Hard,Guess the Flag,flags/pw
Which country is this?,Papua New Guinea,Hard,Guess the Flag,flags/pg
Which country is this?,Republic of the Congo,Hard,Guess the Flag,flags/cg
Which country is this?,Saint Kitts and Nevis,Hard,Guess the Flag,flags/kn
Which country is this?,Saint Lucia,Hard,Guess the Flag,flags/lc
Which country is this?,Saint Vincent and the Grenadines,Hard,Guess the Flag,flags/vc
Which country is this?,Samoa,Hard,Guess the Flag,flags/ws
Which country is this?,San Marino,Hard,Guess the Flag,flags/sm
Which country is this?,São Tomé and Príncipe,Hard,Guess the Flag,flags/st
Which country is this?,Serbia,Hard,Guess the Flag,flags/rs
Which country is this?,Sierra Leone,Hard,Guess the Flag,flags/sl
Which country is this?,Solomon Islands,Hard,Guess the Flag,flags/sb
Which country is this?,Suriname,Hard,Guess the Flag,flags/sr
Which country is this?,Tajikistan,Hard,Guess the Flag,flags/tj
Which country is this?,Tanzania,Hard,Guess the Flag,flags/tz
Which country is this?,Timor-Leste,Hard,Guess the Flag,flags/tl
Which country is this?,Togo,Hard,Guess the Flag,flags/tg
Which country is this?,Tonga,Hard,Guess the Flag,flags/to
Which country is this?,Trinidad and Tobago,Hard,Guess the Flag,flags/tt
Which country is this?,Turkmenistan,Hard,Guess the Flag,flags/tm
Which country is this?,Tuvalu,Hard,Guess the Flag,flags/tv
Which country is this?,Vanuatu,Hard,Guess the Flag,flags/vu
Which country is this?,Zambia,Hard,Guess the Flag,flags/zm
Whose shirt is this?,Alan Shearer,Easy,Guess the Jersey,jerseys/newcastle-united-and-9-1996-2006
Whose shirt is this?,Andrés Iniesta,Easy,Guess the Jersey,jerseys/barcelona-and-8-2007-2018
Whose shirt is this?,Antoine Griezmann,Easy,Guess the Jersey,jerseys/atletico-madrid-and-7-2015-2019
Whose shirt is this?,Arjen Robben,Easy,Guess the Jersey,jerseys/bayern-munich-and-10-2009-2019
Whose shirt is this?,Branislav Ivanović,Easy,Guess the Jersey,jerseys/chelsea-and-2-2008-2017
Whose shirt is this?,Cristiano Ronaldo,Easy,Guess the Jersey,jerseys/real-madrid-and-7-2010-2018
Whose shirt is this?,David Beckham,Easy,Guess the Jersey,jerseys/manchester-united-and-7-1997-2003
Whose shirt is this?,Dennis Bergkamp,Easy,Guess the Jersey,jerseys/arsenal-and-10-1995-2006
Whose shirt is this?,Didier Drogba,Easy,Guess the Jersey,jerseys/chelsea-and-11-2004-2012
Whose shirt is this?,Diego Maradona,Easy,Guess the Jersey,jerseys/napoli-and-10-1984-1991
Whose shirt is this?,Eden Hazard,Easy,Guess the Jersey,jerseys/chelsea-and-10-2014-2019
Whose shirt is this?,Edinson Cavani,Easy,Guess the Jersey,jerseys/paris-saint-germain-and-9-2013-2020
Whose shirt is this?,Erling Haaland,Easy,Guess the Jersey,jerseys/molde-and-30-2017-2019
Whose shirt is this?,Francesco Totti,Easy,Guess the Jersey,jerseys/roma-and-10-1997-2017
Whose shirt is this?,Frank Lampard,Easy,Guess the Jersey,jerseys/chelsea-and-8-2001-2014
Whose shirt is this?,Gareth Bale,Easy,Guess the Jersey,jerseys/real-madrid-and-11-2013-2022
Whose shirt is this?,Gianluigi Buffon,Easy,Guess the Jersey,jerseys/juventus-and-1-2001-2018
Whose shirt is this?,Harry Kane,Easy,Guess the Jersey,jerseys/tottenham-hotspur-and-10-2015-2023
Whose shirt is this?,Iker Casillas,Easy,Guess the Jersey,jerseys/real-madrid-and-1-1999-2015
Whose shirt is this?,Jadon Sancho,Easy,Guess the Jersey,jerseys/borussia-dortmund-and-7-2017-2021
Whose shirt is this?,John Terry,Easy,Guess the Jersey,jerseys/chelsea-and-26-1998-2017
Whose shirt is this?,Karim Benzema,Easy,Guess the Jersey,jerseys/real-madrid-and-9-2010-2023
Whose shirt is this?,Lionel Messi,Easy,Guess the Jersey,jerseys/barcelona-and-10-2008-2021
Whose shirt is this?,Luis Suárez,Easy,Guess the Jersey,jerseys/barcelona-and-9-2014-2020
Whose shirt is this?,Luka Modrić,Easy,Guess the Jersey,jerseys/tottenham-hotspur-and-14-2008-2012
Whose shirt is this?,Marco Reus,Easy,Guess the Jersey,jerseys/borussia-dortmund-and-11-2012-2024
Whose shirt is this?,Neymar,Easy,Guess the Jersey,jerseys/barcelona-and-11-2013-2017
Whose shirt is this?,Paolo Maldini,Easy,Guess the Jersey,jerseys/milan-and-3-1995-2009
Whose shirt is this?,Patrick Vieira,Easy,Guess the Jersey,jerseys/arsenal-and-4-1996-2005
Whose shirt is this?,Raúl,Easy,Guess the Jersey,jerseys/real-madrid-and-7-1996-2010
Whose shirt is this?,Robert Lewandowski,Easy,Guess the Jersey,jerseys/bayern-munich-and-9-2014-2022
Whose shirt is this?,Robin van Persie,Easy,Guess the Jersey,jerseys/manchester-united-and-20-2012-2015
Whose shirt is this?,Samuel Eto’o,Easy,Guess the Jersey,jerseys/barcelona-and-9-2004-2009
Whose shirt is this?,Sergio Busquets,Easy,Guess the Jersey,jerseys/inter-miami-and-5-2023-2025
Whose shirt is this?,Sergio Ramos,Easy,Guess the Jersey,jerseys/real-madrid-and-4-2005-2021
Whose shirt is this?,Steven Gerrard,Easy,Guess the Jersey,jerseys/liverpool-and-8-2004-2015
Whose shirt is this?,Thierry Henry,Easy,Guess the Jersey,jerseys/arsenal-and-14-1999-2007
Whose shirt is this?,Thomas Müller,Easy,Guess the Jersey,jerseys/bayern-munich-and-25-2008-2025
Whose shirt is this?,Vincent Kompany,Easy,Guess the Jersey,jerseys/manchester-city-and-4-2008-2019
Whose shirt is this?,Wayne Rooney,Easy,Guess the Jersey,jerseys/manchester-united-and-10-2007-2017
Whose shirt is this?,Xavi,Easy,Guess the Jersey,jerseys/barcelona-and-6-2001-2015
Whose shirt is this?,Yaya Touré,Easy,Guess the Jersey,jerseys/manchester-city-and-42-2010-2018
Whose shirt is this?,Zlatan Ibrahimović,Easy,Guess the Jersey,jerseys/barcelona-and-9-2009-2010
Whose shirt is this?,Andrea Pirlo,Medium,Guess the Jersey,jerseys/milan-and-21-2001-2011
Whose shirt is this?,Andriy Shevchenko,Medium,Guess the Jersey,jerseys/milan-and-7-1999-2006
Whose shirt is this?,Bastian Schweinsteiger,Medium,Guess the Jersey,jerseys/manchester-united-and-31-2015-2017
Whose shirt is this?,Bernardo Silva,Medium,Guess the Jersey,jerseys/monaco-and-10-2015-2017
Whose shirt is this?,Bruno Fernandes,Medium,Guess the Jersey,jerseys/sporting-cp-and-8-2017-2020
Whose shirt is this?,Carles Puyol,Medium,Guess the Jersey,jerseys/barcelona-and-5-2000-2014
Whose shirt is this?,Carlos Tevez,Medium,Guess the Jersey,jerseys/manchester-united-and-32-2007-2009
Whose shirt is this?,Cesc Fàbregas,Medium,Guess the Jersey,jerseys/chelsea-and-4-2014-2019
Whose shirt is this?,David Luiz,Medium,Guess the Jersey,jerseys/paris-saint-germain-and-32-2014-2016
Whose shirt is this?,David Silva,Medium,Guess the Jersey,jerseys/valencia-and-21-2006-2010
Whose shirt is this?,David Villa,Medium,Guess the Jersey,jerseys/valencia-and-7-2005-2010
Whose shirt is this?,Dimitar Berbatov,Medium,Guess the Jersey,jerseys/tottenham-hotspur-and-9-2006-2008
Whose shirt is this?,Edin Džeko,Medium,Guess the Jersey,jerseys/wolfsburg-and-9-2007-2011
Whose shirt is this?,Fernando Torres,Medium,Guess the Jersey,jerseys/liverpool-and-9-2007-2011
Whose shirt is this?,James Rodríguez,Medium,Guess the Jersey,jerseys/porto-and-10-2012-2013
Whose shirt is this?,Jay-Jay Okocha,Medium,Guess the Jersey,jerseys/paris-saint-germain-and-10-1998-2002
Whose shirt is this?,Jude Bellingham,Medium,Guess the Jersey,jerseys/birmingham-city-and-22-2019-2020
Whose shirt is this?,Kaká,Medium,Guess the Jersey,jerseys/milan-and-22-2003-2009
Whose shirt is this?,Kevin De Bruyne,Medium,Guess the Jersey,jerseys/genk-and-14-2009-2012
Whose shirt is this?,Kylian Mbappé,Medium,Guess the Jersey,jerseys/monaco-and-29-2016-2017
Whose shirt is this?,Luís Figo,Medium,Guess the Jersey,jerseys/barcelona-and-7-1995-2000
Whose shirt is this?,Marcelo,Medium,Guess the Jersey,jerseys/real-madrid-and-12-2007-2022
Whose shirt is this?,Mario Balotelli,Medium,Guess the Jersey,jerseys/liverpool-and-45-2014-2015
Whose shirt is this?,Mesut Özil,Medium,Guess the Jersey,jerseys/werder-bremen-and-11-2008-2010
Whose shirt is this?,Michael Carrick,Medium,Guess the Jersey,jerseys/manchester-united-and-16-2006-2018
Whose shirt is this?,Mohamed Salah,Medium,Guess the Jersey,jerseys/basel-and-22-2012-2014
Whose shirt is this?,N'Golo Kanté,Medium,Guess the Jersey,jerseys/leicester-city-and-14-2015-2016
Whose shirt is this?,Pierre-Emerick Aubameyang,Medium,Guess the Jersey,jerseys/borussia-dortmund-and-17-2013-2018
Whose shirt is this?,Radamel Falcao,Medium,Guess the Jersey,jerseys/chelsea-and-9-2015-2016
Whose shirt is this?,Raheem Sterling,Medium,Guess the Jersey,jerseys/liverpool-and-31-2012-2015
Whose shirt is this?,Riyad Mahrez,Medium,Guess the Jersey,jerseys/leicester-city-and-26-2014-2018
Whose shirt is this?,Robinho,Medium,Guess the Jersey,jerseys/manchester-city-and-10-2008-2010
Whose shirt is this?,Romelu Lukaku,Medium,Guess the Jersey,jerseys/everton-and-10-2014-2017
Whose shirt is this?,Ronaldo Nazário,Medium,Guess the Jersey,jerseys/real-madrid-and-9-2003-2007
Whose shirt is this?,Ryan Giggs,Medium,Guess the Jersey,jerseys/manchester-united-and-11-1991-2014
Whose shirt is this?,Sergio Agüero,Medium,Guess the Jersey,jerseys/atletico-madrid-and-10-2007-2011
Whose shirt is this?,Wesley Sneijder,Medium,Guess the Jersey,jerseys/inter-and-10-2009-2013
Whose shirt is this?,Xabi Alonso,Medium,Guess the Jersey,jerseys/liverpool-and-14-2004-2009
Whose shirt is this?,Zinedine Zidane,Medium,Guess the Jersey,jerseys/real-madrid-and-5-2001-2006
Whose shirt is this?,Adriano,Hard,Guess the Jersey,jerseys/parma-and-9-2002-2004
Whose shirt is this?,Alexis Sánchez,Hard,Guess the Jersey,jerseys/udinese-and-7-2010-2011
Whose shirt is this?,Alisson Becker,Hard,Guess the Jersey,jerseys/internacional-and-1-2015-2016
Whose shirt is this?,Ángel Di María,Hard,Guess the Jersey,jerseys/benfica-and-20-2007-2010
Whose shirt is this?,Ashley Cole,Hard,Guess the Jersey,jerseys/roma-and-3-2014-2016
Whose shirt is this?,Casemiro,Hard,Guess the Jersey,jerseys/porto-and-6-2014-2015
Whose shirt is this?,Dani Alves,Hard,Guess the Jersey,jerseys/juventus-and-23-2016-2017
Whose shirt is this?,Deco,Hard,Guess the Jersey,jerseys/chelsea-and-20-2008-2010
Whose shirt is this?,Diego Costa,Hard,Guess the Jersey,jerseys/real-valladolid-and-22-2009-2010
Whose shirt is this?,Diego Forlán,Hard,Guess the Jersey,jerseys/manchester-united-and-21-2002-2004
Whose shirt is this?,Edgar Davids,Hard,Guess the Jersey,jerseys/barcelona-and-3-2004
Whose shirt is this?,Emmanuel Adebayor,Hard,Guess the Jersey,jerseys/real-madrid-and-6-2011
Whose shirt is this?,Fernando Morientes,Hard,Guess the Jersey,jerseys/monaco-and-10-2003-2004
Whose shirt is this?,Gennaro Gattuso,Hard,Guess the Jersey,jerseys/rangers-and-7-1997-1998
Whose shirt is this?,Gerard Piqué,Hard,Guess the Jersey,jerseys/manchester-united-and-28-2004-2006
Whose shirt is this?,Henrik Larsson,Hard,Guess the Jersey,jerseys/manchester-united-and-17-2007
Whose shirt is this?,İlkay Gündoğan,Hard,Guess the Jersey,jerseys/nurnberg-and-22-2008-2011
Whose shirt is this?,Ivan Rakitić,Hard,Guess the Jersey,jerseys/schalke-04-and-10-2007-2011
Whose shirt is this?,Javier Hernández,Hard,Guess the Jersey,jerseys/real-madrid-and-14-2014-2015
Whose shirt is this?,João Cancelo,Hard,Guess the Jersey,jerseys/valencia-and-2-2014-2017
Whose shirt is this?,Juan Mata,Hard,Guess the Jersey,jerseys/valencia-and-10-2010-2011
Whose shirt is this?,Mario Mandžukić,Hard,Guess the Jersey,jerseys/atletico-madrid-and-9-2014-2015
Whose shirt is this?,Martin Ødegaard,Hard,Guess the Jersey,jerseys/heerenveen-and-10-2017-2018
Whose shirt is this?,Michael Owen,Hard,Guess the Jersey,jerseys/real-madrid-and-11-2004-2005
Whose shirt is this?,Nicolas Anelka,Hard,Guess the Jersey,jerseys/real-madrid-and-19-1999-2000
Whose shirt is this?,Ole Gunnar Solskjær,Hard,Guess the Jersey,jerseys/manchester-united-and-20-1996-2007
Whose shirt is this?,Park Ji-sung,Hard,Guess the Jersey,jerseys/manchester-united-and-13-2005-2012
Whose shirt is this?,Patrick Kluivert,Hard,Guess the Jersey,jerseys/newcastle-united-and-9-2004-2005
Whose shirt is this?,Petr Čech,Hard,Guess the Jersey,jerseys/arsenal-and-33-2015-2019
Whose shirt is this?,Philipp Lahm,Hard,Guess the Jersey,jerseys/stuttgart-and-21-2003-2005
Whose shirt is this?,Rivaldo,Hard,Guess the Jersey,jerseys/olympiacos-and-10-2005-2007
Whose shirt is this?,Ronaldinho,Hard,Guess the Jersey,jerseys/paris-saint-germain-and-21-2001-2002
Whose shirt is this?,Ruud van Nistelrooy,Hard,Guess the Jersey,jerseys/real-madrid-and-17-2006-2010
Whose shirt is this?,Sadio Mané,Hard,Guess the Jersey,jerseys/red-bull-salzburg-and-10-2013-2014
Whose shirt is this?,Son Heung-min,Hard,Guess the Jersey,jerseys/hamburg-and-40-2010-2011
Whose shirt is this?,Thibaut Courtois,Hard,Guess the Jersey,jerseys/atletico-madrid-and-13-2011-2014
Whose shirt is this?,Toni Kroos,Hard,Guess the Jersey,jerseys/bayer-leverkusen-and-39-2009-2010
Whose shirt is this?,Victor Osimhen,Hard,Guess the Jersey,jerseys/lille-and-7-2019-2020
